/*
Script para llenar todas las tablas de la base de datos
Autor: Juan Pablo Alvarado
*/

USE CoTecDB;


INSERT INTO Continents (Name)
VALUES
    ('Asia'),
    ('Europe'),
    ('Africa'),
    ('Oceania'),
    ('North America'),
    ('Antarctica'),
    ('South America');

INSERT INTO Countries (Name,Continent_Name)
VALUES
    ('Afghanistan','Asia'),
    ('Albania','Europe'),
    ('Algeria','Africa'),
    ('American Samoa','Oceania'),
    ('Andorra','Europe'),
    ('Angola','Africa'),
    ('Anguilla','North America'),
    ('Antarctica','Antarctica'),
    ('Antigua and Barbuda','North America'),
    ('Argentina','South America'),
    ('Armenia','Asia'),
    ('Aruba','North America'),
    ('Australia','Oceania'),
    ('Austria','Europe'),
    ('Azerbaijan','Asia'),
    ('Bahamas','North America'),
    ('Bahrain','Asia'),
    ('Bangladesh','Asia'),
    ('Barbados','North America'),
    ('Belarus','Europe'),
    ('Belgium','Europe'),
    ('Belize','North America'),
    ('Benin','Africa'),
    ('Bermuda','North America'),
    ('Bhutan','Asia'),
    ('Bolivia','South America'),
    ('Bosnia and Herzegovina','Europe'),
    ('Botswana','Africa'),
    ('Bouvet Island','Antarctica'),
    ('Brazil','South America'),
    ('British Indian Ocean Territory','Africa'),
    ('Brunei','Asia'),
    ('Bulgaria','Europe'),
    ('Burkina Faso','Africa'),
    ('Burundi','Africa'),
    ('Cambodia','Asia'),
    ('Cameroon','Africa'),
    ('Canada','North America'),
    ('Cape Verde','Africa'),
    ('Cayman Islands','North America'),
    ('Central African Republic','Africa'),
    ('Chad','Africa'),
    ('Chile','South America'),
    ('China','Asia'),
    ('Christmas Island','Oceania'),
    ('Cocos (Keeling) Islands','Oceania'),
    ('Colombia','South America'),
    ('Comoros','Africa'),
    ('Congo','Africa'),
    ('Cook Islands','Oceania'),
    ('Costa Rica','North America'),
    ('Croatia','Europe'),
    ('Cuba','North America'),
    ('Cyprus','Asia'),
    ('Czech Republic','Europe'),
    ('Denmark','Europe'),
    ('Djibouti','Africa'),
    ('Dominica','North America'),
    ('Dominican Republic','North America'),
    ('East Timor','Asia'),
    ('Ecuador','South America'),
    ('Egypt','Africa'),
    ('El Salvador','North America'),
    ('England','Europe'),
    ('Equatorial Guinea','Africa'),
    ('Eritrea','Africa'),
    ('Estonia','Europe'),
    ('Ethiopia','Africa'),
    ('Falkland Islands','South America'),
    ('Faroe Islands','Europe'),
    ('Fiji Islands','Oceania'),
    ('Finland','Europe'),
    ('France','Europe'),
    ('French Guiana','South America'),
    ('French Polynesia','Oceania'),
    ('French Southern territories','Antarctica'),
    ('Gabon','Africa'),
    ('Gambia','Africa'),
    ('Georgia','Asia'),
    ('Germany','Europe'),
    ('Ghana','Africa'),
    ('Gibraltar','Europe'),
    ('Greece','Europe'),
    ('Greenland','North America'),
    ('Grenada','North America'),
    ('Guadeloupe','North America'),
    ('Guam','Oceania'),
    ('Guatemala','North America'),
    ('Guinea','Africa'),
    ('Guinea-Bissau','Africa'),
    ('Guyana','South America'),
    ('Haiti','North America'),
    ('Heard Island and McDonald Islands','Antarctica'),
    ('Holy See (Vatican City State)','Europe'),
    ('Honduras','North America'),
    ('Hong Kong','Asia'),
    ('Hungary','Europe'),
    ('Iceland','Europe'),
    ('India','Asia'),
    ('Indonesia','Asia'),
    ('Iran','Asia'),
    ('Iraq','Asia'),
    ('Ireland','Europe'),
    ('Israel','Asia'),
    ('Italy','Europe'),
    ('Ivory Coast','Africa'),
    ('Jamaica','North America'),
    ('Japan','Asia'),
    ('Jordan','Asia'),
    ('Kazakhstan','Asia'),
    ('Kenya','Africa'),
    ('Kiribati','Oceania'),
    ('Kuwait','Asia'),
    ('Kyrgyzstan','Asia'),
    ('Laos','Asia'),
    ('Latvia','Europe'),
    ('Lebanon','Asia'),
    ('Lesotho','Africa'),
    ('Liberia','Africa'),
    ('Libyan Arab Jamahiriya','Africa'),
    ('Liechtenstein','Europe'),
    ('Lithuania','Europe'),
    ('Luxembourg','Europe'),
    ('Macao','Asia'),
    ('North Macedonia','Europe'),
    ('Madagascar','Africa'),
    ('Malawi','Africa'),
    ('Malaysia','Asia'),
    ('Maldives','Asia'),
    ('Mali','Africa'),
    ('Malta','Europe'),
    ('Marshall Islands','Oceania'),
    ('Martinique','North America'),
    ('Mauritania','Africa'),
    ('Mauritius','Africa'),
    ('Mayotte','Africa'),
    ('Mexico','North America'),
    ('Micronesia, Federated States of','Oceania'),
    ('Moldova','Europe'),
    ('Monaco','Europe'),
    ('Mongolia','Asia'),
    ('Montenegro','Europe'),
    ('Montserrat','North America'),
    ('Morocco','Africa'),
    ('Mozambique','Africa'),
    ('Myanmar','Asia'),
    ('Namibia','Africa'),
    ('Nauru','Oceania'),
    ('Nepal','Asia'),
    ('Netherlands','Europe'),
    ('Netherlands Antilles','North America'),
    ('New Caledonia','Oceania'),
    ('New Zealand','Oceania'),
    ('Nicaragua','North America'),
    ('Niger','Africa'),
    ('Nigeria','Africa'),
    ('Niue','Oceania'),
    ('Norfolk Island','Oceania'),
    ('North Korea','Asia'),
    ('Northern Ireland','Europe'),
    ('Northern Mariana Islands','Oceania'),
    ('Norway','Europe'),
    ('Oman','Asia'),
    ('Pakistan','Asia'),
    ('Palau','Oceania'),
    ('Palestine','Asia'),
    ('Panama','North America'),
    ('Papua New Guinea','Oceania'),
    ('Paraguay','South America'),
    ('Peru','South America'),
    ('Philippines','Asia'),
    ('Pitcairn','Oceania'),
    ('Poland','Europe'),
    ('Portugal','Europe'),
    ('Puerto Rico','North America'),
    ('Qatar','Asia'),
    ('Reunion','Africa'),
    ('Romania','Europe'),
    ('Russian Federation','Europe'),
    ('Rwanda','Africa'),
    ('Saint Helena','Africa'),
    ('Saint Kitts and Nevis','North America'),
    ('Saint Lucia','North America'),
    ('Saint Pierre and Miquelon','North America'),
    ('Saint Vincent and the Grenadines','North America'),
    ('Samoa','Oceania'),
    ('San Marino','Europe'),
    ('Sao Tome and Principe','Africa'),
    ('Saudi Arabia','Asia'),
    ('Scotland','Europe'),
    ('Senegal','Africa'),
    ('Seychelles','Africa'),
    ('Sierra Leone','Africa'),
    ('Singapore','Asia'),
    ('Slovakia','Europe'),
    ('Slovenia','Europe'),
    ('Solomon Islands','Oceania'),
    ('Somalia','Africa'),
    ('South Africa','Africa'),
    ('South Georgia and the South Sandwich Islands','Antarctica'),
    ('South Korea','Asia'),
    ('South Sudan','Africa'),
    ('Spain','Europe'),
    ('Sri Lanka','Asia'),
    ('Sudan','Africa'),
    ('Suriname','South America'),
    ('Svalbard and Jan Mayen','Europe'),
    ('Swaziland','Africa'),
    ('Sweden','Europe'),
    ('Switzerland','Europe'),
    ('Syria','Asia'),
    ('Tajikistan','Asia'),
    ('Tanzania','Africa'),
    ('Thailand','Asia'),
    ('The Democratic Republic of Congo','Africa'),
    ('Togo','Africa'),
    ('Tokelau','Oceania'),
    ('Tonga','Oceania'),
    ('Trinidad and Tobago','North America'),
    ('Tunisia','Africa'),
    ('Turkey','Asia'),
    ('Turkmenistan','Asia'),
    ('Turks and Caicos Islands','North America'),
    ('Tuvalu','Oceania'),
    ('Uganda','Africa'),
    ('Ukraine','Europe'),
    ('United Arab Emirates','Asia'),
    ('United Kingdom','Europe'),
    ('United States','North America'),
    ('United States Minor Outlying Islands','Oceania'),
    ('Uruguay','South America'),
    ('Uzbekistan','Asia'),
    ('Vanuatu','Oceania'),
    ('Venezuela','South America'),
    ('Vietnam','Asia'),
    ('Virgin Islands, British','North America'),
    ('Virgin Islands, U.S.','North America'),
    ('Wales','Europe'),
    ('Wallis and Futuna','Oceania'),
    ('Western Sahara','Africa'),
    ('Yemen','Asia'),
    ('Yugoslavia','Europe'),
    ('Zambia','Africa'),
    ('Zimbabwe','Africa');

INSERT INTO CountryLocations (Name,Country_Name)
VALUES 
    ('Heredia','Costa Rica'),
    ('Alajuela','Costa Rica'),
    ('Limón','Costa Rica'),
    ('San Jośe','Costa Rica'),
    ('Cartago','Costa Rica'),
    ('Puntarenas','Costa Rica'),
    ('Guanacaste','Costa Rica');

INSERT INTO SanityMeasurements (Id,Name,Description) 
VALUES 
(1,'Cierre de aeropuertos','No se permiten vuelos internacionales'),
(2,'Mascara obligatoria','Se obliga a todos los ciudadanos a llevar máscara para salir'),
(3,'Restricción vehicular','Se prohibe circular a ciertos vehículos dependiendo del día y la placa');

INSERT INTO EnforcedMeasurements (Country_Name,Measurement_Id,Start_Date,End_Date)
VALUES
('Spain',1,'2020-01-20','2020-03-20'),
('Spain',3,'2020-02-20','2020-03-20'),
('Spain',2,'2020-02-30','2020-03-20'),
('Costa Rica',1,'2020-03-20','2020-05-20');

INSERT INTO Hospitals (Id,Name,ICU_Capacity,Capacity,Manager_Name,Phone)
VALUES
(1,'Hospital del sur',7,80,'Pepito','22223333'),
(3,'Hospital del norte',10,200,'Pepito','22224444'),
(4,'Hospital del este',5,150,'Pepito','33332222');

INSERT INTO Hospital_ICUs 
VALUES
('225225',1),
('334334',3),
('554554',3);

INSERT INTO Hospital_Patients 
VALUES
('225225',1),
('334334',4),
('554554',4);

INSERT INTO Medications 
VALUES
(22,'paracetamol','pulpería'),
(23,'sopita','pulpería'),
(24,'hierba','farmacia');

INSERT INTO Hospital_Medications 
VALUES
(1,22),
(3,23),
(4,24);

INSERT INTO Pathologies 
VALUES
('Ebola','hemorragia','solo en africa','no hay'),
('Covid','tos','mundial','respirador'),
('Denge','fiebre','mosquitos','antiinflamatorios');

INSERT INTO Patient_Status 
VALUES
('Muerto'),
('Activo'),
('Recuperado');

INSERT INTO Patients 
VALUES
('225225','pepito1','papu','yes','yes',25,'Costa Rica','Costa Rica',1,'Activo'),
('334334','pepito2','papu','no','no',35,'Costa Rica','Spain',1,'Recuperado'),
('554554','pepito3','papu','no','no',45,'Spain','Costa Rica',1,'Activo'),
('835116','pepito18','tortilla1','yes','no',25,'Burundi','Belize',3,'Recuperado'),
('844717','pepito16','tortilla16','no','no',87,'Qatar','Barbados',3,'Recuperado'),
('888506','pepito13','tortilla17','no','yes',67,'Benin','Mexico',1,'Activo'),
('327776','pepito7','tortilla15','no','yes',50,'Cook Islands','Brunei',4,'Muerto'),
('281893','pepito18','tortilla8','yes','no',33,'Swaziland','Malaysia',3,'Activo'),
('589459','pepito10','tortilla20','yes','no',61,'Palestine','Eritrea',1,'Muerto'),
('963913','pepito8','tortilla17','yes','yes',39,'Norway','Gibraltar',3,'Recuperado'),
('686548','pepito3','tortilla17','no','no',63,'Botswana','United States',3,'Muerto'),
('916034','pepito12','tortilla2','yes','no',29,'Saint Lucia','Guadeloupe',4,'Activo'),
('745952','pepito1','tortilla11','yes','no',57,'Greece','Hungary',3,'Muerto'),
('525184','pepito1','tortilla16','no','no',82,'Bahrain','Jamaica',4,'Muerto'),
('630962','pepito1','tortilla19','yes','yes',77,'Guam','Haiti',3,'Muerto'),
('360620','pepito12','tortilla16','no','yes',69,'Sweden','Denmark',3,'Activo'),
('221504','pepito16','tortilla14','yes','no',31,'Tokelau','French Guiana',1,'Activo'),
('765828','pepito4','tortilla14','no','yes',57,'French Guiana','Japan',4,'Recuperado'),
('588572','pepito8','tortilla4','no','no',42,'New Zealand','Madagascar',3,'Activo'),
('114107','pepito10','tortilla5','yes','no',23,'Niue','Yemen',4,'Muerto'),
('744977','pepito11','tortilla18','yes','yes',22,'United Kingdom','Ecuador',1,'Activo'),
('396570','pepito11','tortilla18','yes','no',39,'Gabon','Jamaica',3,'Recuperado'),
('646548','pepito16','tortilla12','yes','yes',89,'Canada','Central African Republic',4,'Recuperado'),
('152381','pepito9','tortilla6','yes','no',38,'New Caledonia','Kazakhstan',3,'Muerto'),
('472844','pepito20','tortilla16','no','yes',82,'Costa Rica','Yugoslavia',3,'Recuperado'),
('906211','pepito9','tortilla5','no','yes',94,'Qatar','Wallis and Futuna',3,'Muerto'),
('528532','pepito2','tortilla20','yes','yes',98,'Turks and Caicos Islands','Croatia',3,'Muerto'),
('767681','pepito6','tortilla0','no','yes',60,'Benin','Myanmar',3,'Activo'),
('521674','pepito18','tortilla18','no','no',86,'Cape Verde','Yemen',1,'Recuperado'),
('583532','pepito3','tortilla18','yes','yes',66,'Gambia','Saint Kitts and Nevis',1,'Recuperado'),
('894371','pepito20','tortilla14','yes','no',70,'Yemen','Malta',4,'Muerto'),
('647018','pepito4','tortilla13','yes','no',41,'Saudi Arabia','Azerbaijan',4,'Recuperado'),
('897683','pepito10','tortilla7','yes','no',21,'Gibraltar','Sri Lanka',3,'Muerto'),
('973117','pepito6','tortilla15','yes','yes',91,'Yemen','Antigua and Barbuda',3,'Recuperado'),
('905775','pepito2','tortilla7','yes','no',50,'Palau','Libyan Arab Jamahiriya',4,'Activo'),
('170192','pepito1','tortilla7','yes','yes',51,'Brazil','Malaysia',4,'Muerto'),
('970898','pepito6','tortilla19','yes','yes',50,'Tokelau','England',1,'Recuperado'),
('437124','pepito17','tortilla9','no','yes',92,'Guam','Congo',3,'Activo'),
('258180','pepito16','tortilla11','no','yes',68,'Qatar','Paraguay',4,'Recuperado'),
('645926','pepito20','tortilla2','no','yes',52,'Qatar','Rwanda',3,'Activo'),
('464837','pepito8','tortilla7','yes','yes',62,'United States Minor Outlying Islands','Sao Tome and Principe',3,'Activo'),
('109721','pepito6','tortilla8','no','no',81,'Guinea','Austria',4,'Activo'),
('105865','pepito7','tortilla19','no','yes',35,'Greece','Niue',4,'Recuperado'),
('349734','pepito5','tortilla12','no','no',98,'Maldives','Heard Island and McDonald Islands',4,'Activo'),
('426726','pepito1','tortilla0','no','no',34,'Cook Islands','Bhutan',4,'Muerto'),
('156955','pepito2','tortilla13','no','no',60,'Vanuatu','Niue',1,'Recuperado'),
('374983','pepito17','tortilla20','yes','yes',41,'Tajikistan','Guinea-Bissau',1,'Muerto'),
('200255','pepito1','tortilla7','no','no',24,'China','Mexico',4,'Muerto'),
('550645','pepito9','tortilla3','yes','no',38,'Guatemala','Sri Lanka',3,'Activo'),
('271242','pepito8','tortilla0','no','yes',29,'Cocos (Keeling) Islands','Lithuania',3,'Recuperado'),
('423733','pepito0','tortilla5','yes','yes',56,'Yemen','Mexico',4,'Muerto'),
('667772','pepito5','tortilla5','yes','no',87,'Togo','Malaysia',4,'Activo'),
('434821','pepito19','tortilla10','no','yes',25,'Guatemala','Niger',3,'Activo'),
('294894','pepito12','tortilla3','yes','yes',29,'Yugoslavia','Sao Tome and Principe',4,'Muerto'),
('843461','pepito4','tortilla17','yes','no',51,'Aruba','Benin',3,'Muerto'),
('283655','pepito11','tortilla7','no','no',86,'Madagascar','Saudi Arabia',3,'Activo'),
('198629','pepito14','tortilla6','no','no',95,'Saint Vincent and the Grenadines','Eritrea',3,'Recuperado'),
('926471','pepito9','tortilla0','yes','no',23,'Yugoslavia','Turkey',4,'Muerto'),
('191042','pepito0','tortilla12','yes','no',93,'Puerto Rico','Bhutan',1,'Recuperado'),
('418228','pepito15','tortilla16','yes','no',36,'Fiji Islands','Barbados',1,'Recuperado'),
('767703','pepito2','tortilla14','yes','yes',96,'Netherlands Antilles','Mozambique',4,'Activo'),
('783762','pepito13','tortilla14','no','yes',69,'Fiji Islands','Estonia',4,'Muerto'),
('806086','pepito11','tortilla12','yes','yes',69,'Afghanistan','Iran',1,'Recuperado'),
('417249','pepito18','tortilla15','yes','yes',34,'Honduras','Maldives',4,'Muerto'),
('955354','pepito13','tortilla20','no','no',61,'Lesotho','Montenegro',4,'Muerto'),
('969849','pepito3','tortilla9','no','yes',22,'Thailand','Ukraine',3,'Activo'),
('216053','pepito15','tortilla10','yes','no',46,'Benin','Tanzania',3,'Activo'),
('114570','pepito6','tortilla18','no','no',37,'Argentina','Svalbard and Jan Mayen',3,'Recuperado'),
('237629','pepito12','tortilla1','yes','yes',70,'Tuvalu','Turks and Caicos Islands',1,'Activo'),
('771606','pepito15','tortilla5','no','no',24,'Seychelles','Antarctica',3,'Activo'),
('674961','pepito15','tortilla4','no','yes',69,'Saint Lucia','Botswana',4,'Activo'),
('541502','pepito4','tortilla17','yes','yes',74,'Kazakhstan','Macao',3,'Activo'),
('476727','pepito19','tortilla7','yes','no',21,'Saint Pierre and Miquelon','Wallis and Futuna',1,'Activo'),
('499177','pepito17','tortilla15','yes','no',34,'United Kingdom','Bangladesh',1,'Activo'),
('199002','pepito8','tortilla9','yes','no',28,'Norway','New Zealand',1,'Recuperado'),
('213301','pepito3','tortilla0','no','no',94,'Guatemala','Palau',3,'Muerto'),
('617141','pepito14','tortilla18','no','yes',26,'France','Northern Mariana Islands',3,'Activo'),
('465429','pepito7','tortilla5','yes','yes',78,'Canada','Samoa',1,'Activo'),
('882912','pepito15','tortilla11','no','yes',24,'India','Norway',4,'Activo'),
('428972','pepito4','tortilla2','yes','no',50,'Philippines','Nicaragua',1,'Activo'),
('255756','pepito10','tortilla13','yes','yes',98,'Czech Republic','New Caledonia',4,'Activo'),
('170185','pepito0','tortilla4','no','no',76,'Mexico','Armenia',1,'Muerto'),
('367107','pepito12','tortilla16','no','no',94,'Kuwait','Mauritania',4,'Recuperado'),
('673795','pepito18','tortilla12','no','yes',49,'Yemen','Bermuda',4,'Muerto'),
('345512','pepito0','tortilla10','yes','yes',20,'Kiribati','Turkmenistan',3,'Activo'),
('232730','pepito2','tortilla20','no','yes',46,'Singapore','Chile',1,'Recuperado'),
('873997','pepito7','tortilla19','no','yes',97,'Burundi','Saint Kitts and Nevis',4,'Recuperado'),
('496120','pepito20','tortilla7','no','no',69,'Djibouti','Anguilla',3,'Activo'),
('949131','pepito10','tortilla2','no','no',87,'Oman','Jordan',1,'Muerto'),
('809947','pepito14','tortilla1','no','yes',36,'Liberia','Antigua and Barbuda',1,'Recuperado'),
('897387','pepito6','tortilla18','no','no',46,'South Sudan','Wales',1,'Muerto'),
('388130','pepito16','tortilla1','no','yes',47,'South Sudan','Romania',3,'Activo'),
('819640','pepito2','tortilla19','no','no',66,'Myanmar','Italy',1,'Recuperado'),
('874839','pepito7','tortilla5','yes','no',25,'Tuvalu','Tanzania',4,'Recuperado'),
('790008','pepito15','tortilla1','yes','yes',35,'Senegal','Trinidad and Tobago',4,'Muerto'),
('399441','pepito16','tortilla8','no','no',74,'Austria','Faroe Islands',3,'Recuperado'),
('260545','pepito6','tortilla17','yes','yes',75,'China','South Sudan',4,'Muerto'),
('540468','pepito20','tortilla19','yes','no',23,'The Democratic Republic of Congo','Malawi',3,'Muerto'),
('409871','pepito18','tortilla8','yes','yes',21,'Mali','Bahrain',4,'Muerto'),
('554598','pepito18','tortilla8','yes','no',22,'Mauritania','Latvia',1,'Muerto'),
('880088','pepito15','tortilla19','yes','no',50,'United States Minor Outlying Islands','Algeria',3,'Muerto'),
('306365','pepito4','tortilla5','no','no',20,'Guam','Netherlands Antilles',1,'Muerto'),
('505954','pepito20','tortilla9','yes','yes',78,'Ivory Coast','Germany',4,'Muerto'),
('305403','pepito18','tortilla1','yes','no',66,'Jordan','Guinea',4,'Activo'),
('548867','pepito11','tortilla19','yes','no',31,'Guinea-Bissau','Burkina Faso',1,'Muerto'),
('869302','pepito18','tortilla13','no','no',71,'Togo','Cape Verde',4,'Muerto'),
('134601','pepito8','tortilla3','no','no',100,'New Zealand','Kuwait',3,'Activo'),
('835378','pepito4','tortilla8','yes','yes',21,'Japan','Estonia',3,'Activo'),
('214223','pepito17','tortilla12','yes','no',42,'Guyana','Togo',3,'Activo'),
('962954','pepito16','tortilla7','yes','yes',51,'Uganda','South Korea',4,'Recuperado'),
('612899','pepito17','tortilla7','no','no',76,'Somalia','Qatar',3,'Muerto'),
('750204','pepito1','tortilla12','no','no',75,'Dominican Republic','Luxembourg',4,'Muerto'),
('313797','pepito15','tortilla5','yes','no',32,'Costa Rica','Burkina Faso',4,'Recuperado'),
('254232','pepito20','tortilla8','yes','yes',58,'Botswana','Guatemala',1,'Activo'),
('202822','pepito20','tortilla2','no','no',58,'Panama','Afghanistan',4,'Muerto'),
('810803','pepito12','tortilla11','no','yes',77,'Guyana','Poland',1,'Muerto'),
('279674','pepito6','tortilla18','yes','yes',83,'Sierra Leone','Algeria',3,'Activo'),
('811229','pepito18','tortilla9','yes','yes',21,'Ivory Coast','American Samoa',3,'Recuperado'),
('913466','pepito11','tortilla3','no','no',87,'Equatorial Guinea','Hungary',1,'Activo'),
('202725','pepito6','tortilla14','yes','no',32,'Brazil','North Korea',3,'Recuperado'),
('557880','pepito11','tortilla1','no','no',100,'India','Egypt',1,'Recuperado'),
('635469','pepito14','tortilla1','yes','yes',73,'Bahamas','Angola',3,'Muerto'),
('764011','pepito6','tortilla19','yes','no',33,'Martinique','United Kingdom',4,'Recuperado'),
('650922','pepito5','tortilla3','no','yes',40,'Virgin Islands, British','Cyprus',1,'Recuperado'),
('795902','pepito2','tortilla4','yes','no',72,'Puerto Rico','Iran',4,'Muerto'),
('155228','pepito12','tortilla8','no','yes',52,'Samoa','Belgium',1,'Recuperado'),
('201335','pepito6','tortilla16','yes','no',53,'Wallis and Futuna','Uganda',1,'Activo'),
('192971','pepito3','tortilla11','yes','yes',70,'East Timor','Saint Helena',4,'Recuperado'),
('941505','pepito4','tortilla15','yes','no',84,'Senegal','North Korea',4,'Muerto'),
('142952','pepito11','tortilla4','no','yes',50,'United States','Benin',4,'Activo'),
('365883','pepito15','tortilla18','no','yes',54,'Myanmar','Northern Mariana Islands',1,'Recuperado'),
('821342','pepito15','tortilla0','yes','yes',73,'Haiti','Brunei',3,'Muerto'),
('275655','pepito15','tortilla3','yes','no',86,'Chad','Swaziland',1,'Recuperado'),
('572059','pepito14','tortilla0','yes','no',87,'South Georgia and the South Sandwich Islands','Maldives',4,'Activo'),
('779916','pepito1','tortilla18','yes','no',38,'Germany','Honduras',3,'Muerto'),
('409324','pepito7','tortilla3','yes','yes',73,'Kiribati','England',1,'Muerto'),
('293645','pepito15','tortilla2','no','no',47,'Mexico','Svalbard and Jan Mayen',1,'Recuperado'),
('500648','pepito4','tortilla17','no','yes',99,'Kazakhstan','Sri Lanka',1,'Recuperado'),
('751542','pepito15','tortilla11','no','no',49,'Barbados','Netherlands',1,'Recuperado'),
('660448','pepito1','tortilla11','yes','no',77,'Yemen','Kyrgyzstan',3,'Recuperado'),
('777203','pepito13','tortilla2','no','yes',49,'Tonga','Bermuda',1,'Muerto'),
('376155','pepito20','tortilla19','no','no',39,'Uganda','Lebanon',4,'Muerto'),
('297951','pepito0','tortilla9','no','yes',54,'American Samoa','Djibouti',1,'Recuperado'),
('597606','pepito8','tortilla1','no','no',29,'Romania','Cocos (Keeling) Islands',4,'Recuperado'),
('435039','pepito4','tortilla17','yes','no',40,'Libyan Arab Jamahiriya','Turkmenistan',3,'Activo'),
('640699','pepito20','tortilla1','yes','no',77,'Greece','France',3,'Muerto'),
('205090','pepito14','tortilla2','yes','no',32,'China','Comoros',1,'Activo'),
('109202','pepito8','tortilla7','yes','no',25,'Burundi','Cameroon',1,'Activo'),
('772559','pepito6','tortilla2','no','no',64,'Lebanon','Portugal',3,'Activo'),
('804633','pepito8','tortilla7','yes','no',39,'Canada','Dominican Republic',3,'Muerto'),
('251432','pepito2','tortilla8','yes','no',56,'Ghana','Switzerland',1,'Activo'),
('268531','pepito20','tortilla16','no','no',81,'Antarctica','Liberia',1,'Activo'),
('804285','pepito17','tortilla4','yes','no',35,'El Salvador','Greenland',4,'Activo'),
('220380','pepito4','tortilla6','yes','yes',97,'Bolivia','Qatar',3,'Recuperado'),
('148188','pepito0','tortilla5','no','yes',55,'Lesotho','Laos',1,'Recuperado'),
('718816','pepito19','tortilla4','yes','no',84,'Vietnam','Central African Republic',4,'Activo'),
('103990','pepito19','tortilla6','yes','no',73,'Saudi Arabia','Malawi',1,'Activo'),
('756632','pepito6','tortilla7','yes','yes',24,'Djibouti','Bouvet Island',3,'Muerto'),
('386612','pepito6','tortilla17','no','yes',80,'New Zealand','North Korea',3,'Muerto'),
('901171','pepito3','tortilla0','no','no',42,'Gabon','Comoros',4,'Activo'),
('549907','pepito10','tortilla6','no','yes',92,'Faroe Islands','Sao Tome and Principe',4,'Activo'),
('113637','pepito13','tortilla6','no','no',100,'Ivory Coast','Bangladesh',4,'Muerto'),
('940106','pepito20','tortilla3','yes','yes',68,'Tanzania','Guyana',4,'Activo'),
('795417','pepito18','tortilla19','yes','no',39,'San Marino','Heard Island and McDonald Islands',1,'Recuperado'),
('332820','pepito17','tortilla0','yes','no',47,'North Macedonia','Swaziland',1,'Activo'),
('250381','pepito11','tortilla1','no','no',70,'Uzbekistan','Honduras',4,'Muerto'),
('867503','pepito17','tortilla11','yes','yes',40,'Brazil','Northern Mariana Islands',1,'Muerto'),
('100585','pepito4','tortilla3','no','yes',89,'Algeria','Norfolk Island',3,'Recuperado'),
('256292','pepito1','tortilla0','yes','no',61,'Syria','Sri Lanka',1,'Muerto'),
('234924','pepito11','tortilla9','no','no',72,'Ireland','Scotland',1,'Muerto'),
('670060','pepito13','tortilla7','no','yes',61,'Venezuela','Gabon',1,'Recuperado'),
('381534','pepito16','tortilla2','yes','no',46,'Equatorial Guinea','Swaziland',3,'Recuperado'),
('533767','pepito14','tortilla17','no','yes',71,'Togo','Marshall Islands',4,'Recuperado'),
('581214','pepito8','tortilla10','yes','no',46,'Mali','Macao',3,'Activo'),
('832819','pepito13','tortilla16','no','no',70,'Montserrat','Peru',1,'Muerto'),
('925515','pepito4','tortilla9','yes','no',60,'Chad','Palestine',1,'Recuperado'),
('922712','pepito19','tortilla4','yes','no',69,'Bangladesh','Iceland',3,'Recuperado'),
('612072','pepito12','tortilla11','yes','no',52,'Latvia','San Marino',1,'Recuperado'),
('135699','pepito5','tortilla1','yes','yes',31,'Austria','Myanmar',4,'Activo'),
('954603','pepito2','tortilla18','no','yes',27,'Philippines','Solomon Islands',1,'Activo'),
('287714','pepito14','tortilla10','no','yes',38,'Western Sahara','Hungary',1,'Recuperado'),
('704455','pepito20','tortilla20','yes','yes',60,'Laos','Marshall Islands',4,'Recuperado'),
('803037','pepito9','tortilla13','yes','yes',32,'Faroe Islands','Guatemala',1,'Muerto'),
('961793','pepito11','tortilla9','yes','no',47,'Equatorial Guinea','Tuvalu',1,'Muerto'),
('287648','pepito4','tortilla19','yes','yes',74,'Swaziland','Malta',1,'Activo'),
('223747','pepito4','tortilla10','yes','no',90,'French Southern territories','Cambodia',4,'Recuperado'),
('287622','pepito2','tortilla16','no','yes',49,'Lesotho','Liechtenstein',4,'Activo'),
('767965','pepito2','tortilla5','no','no',48,'Nepal','Luxembourg',1,'Activo'),
('392096','pepito18','tortilla9','yes','yes',33,'Argentina','Gibraltar',4,'Activo'),
('670701','pepito8','tortilla1','yes','no',33,'Ecuador','Burundi',1,'Activo'),
('918992','pepito7','tortilla17','yes','no',84,'Jamaica','Seychelles',1,'Activo'),
('961278','pepito7','tortilla15','no','no',78,'Ecuador','Senegal',1,'Recuperado'),
('404718','pepito16','tortilla1','no','no',83,'Reunion','Bosnia and Herzegovina',1,'Activo'),
('405068','pepito19','tortilla3','no','no',97,'Croatia','French Polynesia',1,'Activo'),
('489962','pepito19','tortilla4','no','no',62,'Uruguay','Sri Lanka',1,'Activo'),
('426471','pepito19','tortilla4','yes','no',54,'Palau','Antarctica',1,'Muerto'),
('586748','pepito4','tortilla4','no','yes',57,'Dominica','Burkina Faso',1,'Recuperado'),
('618430','pepito19','tortilla12','no','no',65,'Marshall Islands','Sao Tome and Principe',4,'Recuperado'),
('154006','pepito16','tortilla12','yes','no',26,'Tonga','South Africa',4,'Muerto'),
('563307','pepito0','tortilla15','no','no',36,'United Arab Emirates','Puerto Rico',3,'Muerto'),
('689503','pepito18','tortilla7','no','yes',92,'Sri Lanka','Fiji Islands',3,'Recuperado'),
('355835','pepito10','tortilla7','no','yes',77,'Tokelau','Kazakhstan',3,'Muerto'),
('549094','pepito18','tortilla10','yes','no',84,'Burundi','Burundi',3,'Activo'),
('891380','pepito10','tortilla6','no','no',74,'French Polynesia','Iran',1,'Recuperado'),
('147743','pepito17','tortilla15','yes','no',31,'Morocco','Samoa',4,'Activo'),
('591156','pepito12','tortilla17','no','no',62,'Costa Rica','Saudi Arabia',4,'Muerto'),
('215783','pepito6','tortilla11','yes','yes',49,'Romania','Australia',1,'Muerto'),
('924072','pepito0','tortilla14','no','yes',58,'Russian Federation','South Sudan',1,'Muerto'),
('108314','pepito6','tortilla2','no','yes',99,'Mayotte','Bolivia',4,'Activo'),
('830902','pepito9','tortilla10','no','no',36,'Vanuatu','Saint Lucia',1,'Activo'),
('139301','pepito20','tortilla2','no','yes',46,'Kiribati','Sao Tome and Principe',3,'Muerto'),
('267152','pepito11','tortilla3','no','yes',44,'France','Uruguay',3,'Activo'),
('375695','pepito15','tortilla13','yes','yes',72,'Paraguay','Sweden',3,'Recuperado'),
('273359','pepito20','tortilla19','no','no',24,'Ghana','Samoa',4,'Muerto'),
('436358','pepito2','tortilla7','no','no',46,'Antarctica','French Southern territories',3,'Recuperado'),
('722357','pepito10','tortilla18','no','no',72,'Bosnia and Herzegovina','Kazakhstan',4,'Muerto'),
('297353','pepito10','tortilla3','no','no',39,'Djibouti','Anguilla',4,'Recuperado'),
('447578','pepito10','tortilla11','yes','yes',74,'Dominica','Tonga',1,'Activo'),
('235915','pepito15','tortilla3','no','yes',35,'Grenada','Guadeloupe',4,'Muerto'),
('712285','pepito9','tortilla19','yes','yes',72,'Faroe Islands','Senegal',3,'Recuperado'),
('467285','pepito14','tortilla3','yes','no',43,'Belgium','Nepal',4,'Muerto'),
('565280','pepito17','tortilla2','yes','yes',34,'United States','Macao',4,'Muerto'),
('782877','pepito3','tortilla0','no','no',49,'Cuba','British Indian Ocean Territory',3,'Recuperado'),
('452588','pepito16','tortilla16','no','no',71,'Argentina','Chile',1,'Muerto'),
('377866','pepito3','tortilla18','no','yes',94,'Saint Vincent and the Grenadines','Ivory Coast',1,'Muerto'),
('159022','pepito4','tortilla11','yes','no',66,'British Indian Ocean Territory','United Arab Emirates',4,'Muerto'),
('134086','pepito5','tortilla3','yes','yes',34,'Egypt','Virgin Islands, British',4,'Activo'),
('320215','pepito3','tortilla12','no','yes',83,'Ukraine','South Africa',3,'Recuperado'),
('607380','pepito0','tortilla1','yes','no',97,'Puerto Rico','Western Sahara',3,'Muerto'),
('589770','pepito18','tortilla19','no','no',90,'Bahrain','Bahrain',3,'Muerto'),
('194533','pepito18','tortilla10','yes','yes',39,'Suriname','Austria',4,'Recuperado'),
('461485','pepito7','tortilla8','yes','no',88,'Hungary','Antigua and Barbuda',1,'Activo'),
('589703','pepito9','tortilla19','no','no',50,'Palau','Switzerland',1,'Recuperado'),
('487900','pepito9','tortilla16','no','yes',62,'Cook Islands','Afghanistan',3,'Recuperado'),
('694972','pepito19','tortilla7','no','no',27,'Martinique','Guyana',4,'Muerto'),
('483773','pepito16','tortilla6','yes','yes',94,'Kazakhstan','British Indian Ocean Territory',1,'Activo'),
('282735','pepito13','tortilla6','no','no',31,'Kiribati','Azerbaijan',1,'Activo'),
('925092','pepito13','tortilla13','no','yes',27,'China','Central African Republic',1,'Muerto'),
('621687','pepito20','tortilla4','no','yes',55,'Niue','Mauritius',1,'Activo'),
('697523','pepito2','tortilla14','no','no',52,'Sierra Leone','Albania',4,'Muerto'),
('791244','pepito17','tortilla13','no','no',29,'Yugoslavia','Bosnia and Herzegovina',3,'Activo'),
('247821','pepito11','tortilla6','yes','yes',81,'Vanuatu','Kiribati',4,'Muerto'),
('425403','pepito6','tortilla12','yes','no',28,'Ghana','Antigua and Barbuda',3,'Recuperado'),
('400023','pepito3','tortilla2','yes','yes',36,'Svalbard and Jan Mayen','Wallis and Futuna',4,'Recuperado'),
('893379','pepito9','tortilla13','no','no',61,'Bermuda','Syria',4,'Recuperado'),
('595906','pepito19','tortilla14','yes','no',46,'Guam','Honduras',3,'Activo'),
('964665','pepito7','tortilla5','yes','yes',50,'Luxembourg','Denmark',3,'Activo'),
('935764','pepito14','tortilla1','no','no',90,'Eritrea','Hong Kong',1,'Muerto'),
('812158','pepito11','tortilla3','no','no',71,'Turkey','Saint Vincent and the Grenadines',3,'Activo'),
('865193','pepito14','tortilla11','no','yes',47,'Laos','Pitcairn',1,'Muerto'),
('993981','pepito12','tortilla0','yes','no',43,'Namibia','Mali',1,'Muerto'),
('565739','pepito6','tortilla0','yes','yes',37,'Tonga','Yemen',4,'Activo'),
('832668','pepito13','tortilla18','yes','no',92,'Russian Federation','Haiti',1,'Recuperado'),
('115265','pepito3','tortilla19','yes','yes',51,'Liechtenstein','Cuba',3,'Muerto'),
('932465','pepito9','tortilla9','yes','yes',94,'Mongolia','Holy See (Vatican City State)',4,'Muerto'),
('644799','pepito5','tortilla14','yes','no',29,'India','Panama',3,'Activo'),
('980320','pepito1','tortilla15','no','no',67,'Rwanda','Australia',4,'Recuperado'),
('852888','pepito11','tortilla5','no','yes',32,'Mauritania','Gabon',1,'Recuperado'),
('361507','pepito6','tortilla18','no','yes',90,'Saint Kitts and Nevis','Swaziland',1,'Recuperado'),
('226837','pepito17','tortilla13','no','yes',52,'Panama','Senegal',3,'Muerto'),
('755369','pepito13','tortilla8','no','no',23,'Eritrea','Norway',1,'Muerto'),
('409895','pepito9','tortilla0','yes','yes',90,'Tanzania','Montenegro',4,'Recuperado'),
('594587','pepito1','tortilla5','yes','yes',23,'Wallis and Futuna','Saudi Arabia',1,'Activo'),
('509708','pepito7','tortilla20','yes','yes',29,'New Zealand','Bosnia and Herzegovina',1,'Activo'),
('607828','pepito10','tortilla10','no','yes',37,'Philippines','Botswana',3,'Recuperado'),
('223112','pepito10','tortilla19','no','yes',31,'India','Tonga',1,'Activo'),
('758571','pepito14','tortilla15','yes','yes',55,'Bulgaria','Qatar',3,'Recuperado'),
('964155','pepito7','tortilla14','yes','yes',94,'Saint Vincent and the Grenadines','Falkland Islands',3,'Recuperado'),
('660525','pepito11','tortilla7','yes','no',24,'Andorra','Svalbard and Jan Mayen',3,'Muerto'),
('949695','pepito13','tortilla4','yes','yes',92,'Papua New Guinea','Slovakia',3,'Muerto'),
('462095','pepito16','tortilla8','yes','yes',97,'Guadeloupe','Virgin Islands, U.S.',1,'Recuperado'),
('520892','pepito20','tortilla9','yes','no',90,'Israel','Qatar',4,'Activo'),
('134239','pepito18','tortilla15','yes','yes',37,'Japan','Guyana',3,'Recuperado'),
('843692','pepito14','tortilla14','yes','yes',47,'Zambia','Niue',4,'Recuperado'),
('456195','pepito12','tortilla18','no','no',85,'Papua New Guinea','Niue',1,'Recuperado'),
('553582','pepito5','tortilla4','no','no',48,'Western Sahara','Scotland',3,'Activo'),
('168422','pepito20','tortilla20','no','yes',26,'Papua New Guinea','Turkey',3,'Muerto'),
('150688','pepito6','tortilla9','yes','no',100,'Malta','Norfolk Island',1,'Muerto'),
('535937','pepito19','tortilla5','yes','yes',37,'Switzerland','Grenada',1,'Muerto'),
('488012','pepito2','tortilla13','yes','yes',48,'Malta','United States Minor Outlying Islands',1,'Recuperado'),
('439769','pepito19','tortilla16','no','yes',48,'Mongolia','Turkmenistan',3,'Activo'),
('308189','pepito4','tortilla14','no','no',24,'Estonia','United Arab Emirates',4,'Activo'),
('465603','pepito19','tortilla0','yes','yes',67,'Faroe Islands','Cape Verde',1,'Recuperado'),
('875715','pepito7','tortilla1','no','yes',21,'Congo','Guadeloupe',3,'Activo'),
('450362','pepito4','tortilla6','yes','yes',85,'South Georgia and the South Sandwich Islands','Malawi',3,'Recuperado'),
('678369','pepito17','tortilla15','no','yes',99,'Nigeria','Syria',4,'Muerto'),
('118275','pepito15','tortilla4','no','no',54,'Madagascar','Norfolk Island',4,'Muerto'),
('280929','pepito2','tortilla9','yes','no',65,'Italy','Germany',3,'Recuperado'),
('396126','pepito17','tortilla1','no','no',28,'Faroe Islands','Panama',3,'Recuperado'),
('117622','pepito8','tortilla19','no','no',92,'Gabon','Wales',3,'Recuperado'),
('650014','pepito14','tortilla9','yes','no',51,'Marshall Islands','Bahrain',4,'Muerto'),
('738626','pepito6','tortilla9','yes','no',39,'Northern Mariana Islands','Micronesia, Federated States of',4,'Activo'),
('917365','pepito18','tortilla4','no','yes',23,'Cambodia','Mongolia',1,'Muerto'),
('622206','pepito11','tortilla2','no','no',21,'Northern Mariana Islands','Netherlands',3,'Activo'),
('478811','pepito5','tortilla15','no','no',35,'Madagascar','Niue',1,'Muerto'),
('482400','pepito20','tortilla18','yes','yes',93,'Bulgaria','Tuvalu',4,'Activo'),
('908787','pepito3','tortilla13','yes','no',39,'Morocco','Turks and Caicos Islands',3,'Activo'),
('969552','pepito3','tortilla18','no','yes',27,'Finland','Belarus',1,'Muerto'),
('285504','pepito5','tortilla0','yes','yes',98,'Afghanistan','Greece',4,'Muerto'),
('235395','pepito11','tortilla19','yes','no',54,'Israel','Christmas Island',1,'Recuperado'),
('709438','pepito6','tortilla15','yes','no',71,'Svalbard and Jan Mayen','Romania',3,'Recuperado'),
('334531','pepito10','tortilla10','yes','yes',83,'Comoros','Congo',4,'Muerto'),
('533112','pepito1','tortilla14','yes','no',51,'Austria','Hong Kong',3,'Activo');

INSERT INTO Patient_Pathologies 
VALUES
('225225','Covid'),
('334334','Denge'),
('554554','Covid');

INSERT INTO Patient_Medications 
VALUES
('225225',22),
('334334',22),
('554554',24);

INSERT INTO Contacted_Person 
VALUES
('225225','334334','colateral1','papu','mi casa','tortilla@gmail.com',20),
('554554','225225','colateral1','papu','mi casa x2','tortillita@gmail.com',21),
('774774','225225','colateral1','papu','mi casa x3','tortillon@gmail.com',22);

INSERT INTO Events 
VALUES
('nuevo recuperado','2020-03-0','Spain'),
('nuevo activo','2020-03-0','Spain'),
('nuevo recuperado','2020-03-7','Spain'),
('nuevo muerto','2020-03-3','Spain'),
('nuevo activo','2020-03-7','Spain'),
('nuevo muerto','2020-03-9','Spain'),
('nuevo activo','2020-03-10','Costa Rica'),
('nuevo recuperado','2020-03-10','Spain'),
('nuevo muerto','2020-03-8','Spain'),
('nuevo activo','2020-03-2','Costa Rica'),
('nuevo recuperado','2020-03-6','Spain'),
('nuevo recuperado','2020-03-10','Spain'),
('nuevo activo','2020-03-6','Spain'),
('nuevo muerto','2020-03-3','Costa Rica'),
('nuevo activo','2020-03-5','Costa Rica'),
('nuevo muerto','2020-03-9','Costa Rica'),
('nuevo activo','2020-03-3','Spain'),
('nuevo recuperado','2020-03-1','Costa Rica'),
('nuevo muerto','2020-03-5','Costa Rica'),
('nuevo recuperado','2020-03-10','Costa Rica'),
('nuevo muerto','2020-03-0','Spain'),
('nuevo recuperado','2020-03-5','Spain'),
('nuevo activo','2020-03-4','Spain'),
('nuevo activo','2020-03-1','Costa Rica'),
('nuevo recuperado','2020-03-1','Costa Rica'),
('nuevo recuperado','2020-03-5','Costa Rica'),
('nuevo muerto','2020-03-9','Costa Rica'),
('nuevo muerto','2020-03-0','Spain'),
('nuevo activo','2020-03-10','Costa Rica'),
('nuevo activo','2020-03-1','Spain'),
('nuevo activo','2020-03-7','Costa Rica'),
('nuevo muerto','2020-03-2','Costa Rica'),
('nuevo activo','2020-03-3','Costa Rica'),
('nuevo muerto','2020-03-1','Spain'),
('nuevo muerto','2020-03-7','Costa Rica'),
('nuevo recuperado','2020-03-5','Spain'),
('nuevo activo','2020-03-10','Costa Rica'),
('nuevo activo','2020-03-7','Costa Rica'),
('nuevo activo','2020-03-7','Costa Rica'),
('nuevo activo','2020-03-6','Costa Rica'),
('nuevo activo','2020-03-2','Costa Rica'),
('nuevo muerto','2020-03-10','Spain'),
('nuevo muerto','2020-03-10','Costa Rica'),
('nuevo activo','2020-03-9','Costa Rica'),
('nuevo recuperado','2020-03-0','Spain'),
('nuevo activo','2020-03-6','Costa Rica'),
('nuevo muerto','2020-03-7','Costa Rica'),
('nuevo muerto','2020-03-9','Spain'),
('nuevo recuperado','2020-03-2','Spain'),
('nuevo recuperado','2020-03-8','Spain'),
('nuevo recuperado','2020-03-1','Costa Rica'),
('nuevo muerto','2020-03-5','Costa Rica'),
('nuevo activo','2020-03-5','Costa Rica'),
('nuevo recuperado','2020-03-7','Spain'),
('nuevo muerto','2020-03-1','Spain'),
('nuevo recuperado','2020-03-5','Costa Rica'),
('nuevo muerto','2020-03-2','Spain'),
('nuevo recuperado','2020-03-6','Spain'),
('nuevo muerto','2020-03-4','Spain'),
('nuevo muerto','2020-03-2','Spain'),
('nuevo muerto','2020-03-6','Costa Rica'),
('nuevo recuperado','2020-03-3','Spain'),
('nuevo recuperado','2020-03-9','Costa Rica'),
('nuevo activo','2020-03-7','Costa Rica'),
('nuevo recuperado','2020-03-7','Spain'),
('nuevo muerto','2020-03-2','Costa Rica'),
('nuevo recuperado','2020-03-7','Spain'),
('nuevo recuperado','2020-03-6','Spain'),
('nuevo activo','2020-03-9','Costa Rica'),
('nuevo muerto','2020-03-0','Costa Rica'),
('nuevo recuperado','2020-03-6','Spain'),
('nuevo muerto','2020-03-7','Spain'),
('nuevo muerto','2020-03-6','Costa Rica'),
('nuevo recuperado','2020-03-7','Spain'),
('nuevo recuperado','2020-03-1','Costa Rica'),
('nuevo recuperado','2020-03-5','Spain'),
('nuevo muerto','2020-03-5','Costa Rica'),
('nuevo activo','2020-03-1','Spain'),
('nuevo recuperado','2020-03-6','Costa Rica'),
('nuevo muerto','2020-03-7','Costa Rica'),
('nuevo recuperado','2020-03-1','Spain'),
('nuevo muerto','2020-03-10','Costa Rica'),
('nuevo activo','2020-03-5','Spain'),
('nuevo muerto','2020-03-3','Spain'),
('nuevo muerto','2020-03-3','Costa Rica'),
('nuevo activo','2020-03-10','Costa Rica'),
('nuevo activo','2020-03-7','Costa Rica'),
('nuevo recuperado','2020-03-1','Costa Rica'),
('nuevo activo','2020-03-4','Spain'),
('nuevo activo','2020-03-5','Costa Rica'),
('nuevo muerto','2020-03-5','Spain'),
('nuevo activo','2020-03-7','Costa Rica'),
('nuevo activo','2020-03-3','Costa Rica'),
('nuevo activo','2020-03-0','Costa Rica'),
('nuevo activo','2020-03-7','Spain'),
('nuevo muerto','2020-03-8','Spain'),
('nuevo recuperado','2020-03-1','Costa Rica'),
('nuevo activo','2020-03-5','Spain'),
('nuevo activo','2020-03-8','Costa Rica'),
('nuevo muerto','2020-03-5','Costa Rica');

/*SELECT * FROM Events WHERE date = '2020-03-9'
DELETE FROM Events

SELECT * FROM Patients WHERE Residence = 'Colombia'
DELETE FROM Patients*/